"OriginalRelativePath","PreparedRelativePath"
"backend\app\__init__.py","backend\app\init_.py"
"backend\app\utils\__init__.py","backend\app\utils\init_.py"
"backend\app\simulation\__init__.py","backend\app\simulation\init_.py"
"backend\app\services\__init__.py","backend\app\services\init_.py"
"backend\app\schemas\__init__.py","backend\app\schemas\init_.py"
"backend\app\routes\__init__.py","backend\app\routes\init_.py"
"backend\app\rl\__init__.py","backend\app\rl\init_.py"
"backend\app\optimisation\__init__.py","backend\app\optimisation\init_.py"
"backend\app\models\__init__.py","backend\app\models\init_.py"
